{"loss": [1.3039170503616333, 0.9834416508674622, 0.9067560434341431, 0.8655920028686523, 0.832101583480835, 0.8133644461631775, 0.7979127764701843, 0.7680060863494873, 0.7619849443435669, 0.7398276329040527, 0.7223960161209106, 0.6993433237075806, 0.6889152526855469, 0.6726967096328735, 0.6621547341346741, 0.6494490504264832, 0.6443584561347961, 0.6312445402145386, 0.620837926864624, 0.6101797223091125, 0.6088238954544067, 0.5999868512153625, 0.5883582830429077, 0.5929186344146729, 0.5887637734413147, 0.5716994404792786, 0.5668344497680664, 0.5722773671150208, 0.5667926073074341, 0.5734003186225891, 0.5575904250144958, 0.5551068186759949, 0.5678701400756836, 0.5494242310523987, 0.5498515367507935, 0.5448037385940552, 0.5516986846923828, 0.5422767996788025, 0.5405017733573914, 0.5278684496879578], "accuracy": [0.4316745102405548, 0.5937248468399048, 0.628893256187439, 0.6457878351211548, 0.6591196656227112, 0.6744052171707153, 0.6781979203224182, 0.6972761750221252, 0.6957820653915405, 0.7042868733406067, 0.7184231877326965, 0.7248592376708984, 0.7353177666664124, 0.7399149537086487, 0.7440524101257324, 0.7526721358299255, 0.7526721358299255, 0.752097487449646, 0.7632455825805664, 0.77129065990448, 0.7683025002479553, 0.764969527721405, 0.7773818969726562, 0.7756579518318176, 0.7683025002479553, 0.7785311937332153, 0.7880703210830688, 0.7851970791816711, 0.7820940017700195, 0.7823238968849182, 0.7897942662239075, 0.7873807549476624, 0.7853120565414429, 0.7930123209953308, 0.7943914532661438, 0.7950810194015503, 0.7849672436714172, 0.797954261302948, 0.7971497774124146, 0.797954261302948], "val_loss": [0.7884061932563782, 0.6989254355430603, 0.6241126656532288, 0.6125891804695129, 0.5704683661460876, 0.5548625588417053, 0.5312439799308777, 0.5231914520263672, 0.492215633392334, 0.4776792526245117, 0.44171735644340515, 0.4339474141597748, 0.4214251935482025, 0.41217702627182007, 0.3910124599933624, 0.3817049264907837, 0.38276344537734985, 0.3648325800895691, 0.3617836534976959, 0.35515400767326355, 0.34871047735214233, 0.3599061071872711, 0.34418487548828125, 0.33839327096939087, 0.3435439169406891, 0.3332110345363617, 0.3297971189022064, 0.33593663573265076, 0.33296099305152893, 0.3354234993457794, 0.3304595649242401, 0.32488542795181274, 0.3215012848377228, 0.3240361511707306, 0.32355326414108276, 0.32459932565689087, 0.3237762451171875, 0.3191431164741516, 0.31600597500801086, 0.31564611196517944], "val_accuracy": [0.6425855755805969, 0.6996197700500488, 0.7224334478378296, 0.73384028673172, 0.7794677019119263, 0.7528517246246338, 0.802281379699707, 0.8174905180931091, 0.8288973569869995, 0.8326995968818665, 0.8288973569869995, 0.8288973569869995, 0.8631178736686707, 0.855513334274292, 0.874524712562561, 0.8897338509559631, 0.8517110347747803, 0.8897338509559631, 0.8783270120620728, 0.8859315514564514, 0.8935361504554749, 0.8859315514564514, 0.8935361504554749, 0.8935361504554749, 0.8859315514564514, 0.8973383903503418, 0.8973383903503418, 0.8935361504554749, 0.9087452292442322, 0.8973383903503418, 0.8935361504554749, 0.9125475287437439, 0.8973383903503418, 0.9125475287437439, 0.9049429893493652, 0.8897338509559631, 0.9011406898498535, 0.8973383903503418, 0.8935361504554749, 0.9087452292442322]}